seller_id,origin,business_segment,lead_type,business_type,recency,frequency,monetary,avg_review_score,days_to_convert,R_score,F_score,M_score,RFM_score,rfm_segment,cluster,cluster_label
2c43fb513632d29b3b58df74816f1b06,organic_search,pet,online_medium,reseller,162,3.0,858.0,3.6666666666666665,-81.0,1,2,3,6,promising,2,mid_value
ed8cb7b190ceb6067227478e48cf8dde,unknown,home_appliances,industry,manufacturer,35,15.0,573.5,3.176470588235294,296.0,4,4,3,11,champions,1,standard
1c742ac33582852aaf3bcfbf5893abcf,organic_search,health_beauty,online_medium,manufacturer,181,1.0,97.9,5.0,-115.0,1,1,1,3,dormant,2,mid_value
44ed138eca6214d572ce1d813fb0049b,unknown,health_beauty,offline,manufacturer,113,2.0,129.79,4.666666666666667,-81.0,3,1,1,5,at_risk,1,standard
87d73636a3acf123e842bb890a4db036,paid_search,household_utilities,online_medium,manufacturer,106,1.0,269.9,5.0,-81.0,3,1,2,6,promising,1,standard
b566ab0ef88016e00422755e305103c6,paid_search,construction_tools_house_garden,online_big,reseller,166,5.0,1208.0,3.2,-81.0,1,3,3,7,promising,0,low_value
2d2322d842118867781fc737e96d59a1,direct_traffic,household_utilities,online_medium,reseller,78,8.0,176.4,4.9,-81.0,4,3,1,8,loyal,1,standard
9e7c5f4d7770eab65738cca38f9efccf,paid_search,sports_leisure,online_medium,reseller,120,2.0,184.8,3.5,-24.0,3,1,2,6,promising,0,low_value
df91910b6a03bb2e3358fa6a35e32f6f,referral,food_drink,online_medium,manufacturer,119,14.0,2312.1,4.357142857142857,37.0,3,4,4,11,champions,1,standard
249f0e9905a6e06ad6c6bea7547ab9f6,organic_search,home_decor,online_medium,manufacturer,88,3.0,347.95,3.6666666666666665,-117.0,4,2,2,8,loyal,1,standard
b494891378bd8f4560abe576c52deacd,organic_search,health_beauty,online_top,reseller,50,20.0,2958.9,4.636363636363637,-81.0,4,4,4,12,champions,1,standard
e819bcfade7b5d88a27325eb6cfd62c5,organic_search,home_decor,industry,manufacturer,177,5.0,202.9,3.5454545454545454,-79.0,1,3,2,6,promising,2,mid_value
556a6409838156ea299c9d1f9e2dde43,paid_search,household_utilities,industry,reseller,123,4.0,1362.8,3.25,-81.0,3,2,4,9,loyal,0,low_value
a4fc6eadaff1576af888509a53420f6a,paid_search,computers,online_beginner,reseller,117,1.0,100.86,3.0,-235.0,3,1,1,5,at_risk,0,low_value
4fae87d32467e18eb46e4a76a0a0b9ce,organic_search,small_appliances,online_medium,reseller,19,1.0,100.9,5.0,-81.0,4,1,1,6,promising,1,standard
8b181ee5518df84f18f4e1a43fe07923,unknown,health_beauty,online_medium,reseller,105,1.0,27.9,5.0,-81.0,3,1,1,5,at_risk,1,standard
d594982fd877af63ace38ea1fca27c76,organic_search,audio_video_electronics,industry,reseller,63,7.0,217.04,4.428571428571429,-81.0,4,3,2,9,loyal,1,standard
398cb257329ef7af7f1943a8974a3cbc,organic_search,food_drink,online_medium,manufacturer,155,1.0,145.9,5.0,-81.0,2,1,1,4,at_risk,2,mid_value
26e2c91ef821e1ff8985f408788fe35b,direct_traffic,bed_bath_table,online_beginner,manufacturer,183,12.0,1649.4,3.0,-54.0,1,4,4,9,loyal,0,low_value
dedcab67899479e4ea5dcc4eba47f587,unknown,car_accessories,online_medium,reseller,84,2.0,84.0,4.5,-81.0,4,1,1,6,promising,1,standard
ca4b77513ac2040591b0d8fae6958380,social,health_beauty,online_medium,reseller,58,14.0,1772.45,4.466666666666667,7.0,4,4,4,12,champions,1,standard
6e4a902d1054e4e17aa6eab87fac1c75,direct_traffic,audio_video_electronics,offline,reseller,51,7.0,586.57,4.25,-81.0,4,3,3,10,champions,1,standard
2d42ebcda99fd55f6f4bc2f1ca035d50,social,home_decor,online_big,reseller,119,10.0,921.5,4.0,-81.0,3,3,3,9,loyal,1,standard
04843805947f0fc584fc1969b6e50fe7,social,home_decor,online_big,manufacturer,112,1.0,1400.0,5.0,-81.0,3,1,4,8,loyal,1,standard
751e274377499a8503fd6243ad9c56f6,paid_search,audio_video_electronics,online_big,reseller,9,1.0,218.0,5.0,27.0,4,1,2,7,promising,1,standard
2646baaf662d4d92ac48f047e35db92d,unknown,construction_tools_house_garden,online_medium,reseller,137,15.0,1263.05,4.555555555555555,-81.0,2,4,3,9,loyal,2,mid_value
e433f5fd4050e3352b5d83522b7fe24b,organic_search,construction_tools_house_garden,online_medium,manufacturer,104,1.0,548.06,4.0,-8.0,3,1,3,7,promising,1,standard
dc64d75cc406bb0697be983831430e60,organic_search,audio_video_electronics,online_small,reseller,99,4.0,813.0,4.75,-81.0,3,2,3,8,loyal,1,standard
08d1c9478fb0d7d7fcac9c0da4e82fc7,paid_search,home_decor,online_medium,manufacturer,103,1.0,538.0,5.0,-191.0,3,1,2,6,promising,2,mid_value
ee2fbacc2fc3794e656cc4d933d59ce7,unknown,small_appliances,online_big,reseller,81,2.0,464.97,4.333333333333333,-170.0,4,1,2,7,promising,1,standard
7fc87cc3e89b3d1d5cabdca32f8485aa,paid_search,home_office_furniture,offline,manufacturer,161,14.0,2153.9,3.571428571428572,-81.0,2,4,4,10,champions,2,mid_value
134285d1f41da5c13a756ee8142c8a4e,paid_search,car_accessories,online_big,reseller,127,3.0,1572.6999999999998,2.75,-81.0,2,2,4,8,loyal,0,low_value
e9e446d01bd10a97a8ffcfc4a3a20cb2,social,health_beauty,online_medium,reseller,103,4.0,60.05,3.5,23.0,3,2,1,6,promising,1,standard
bba8d0c234a52b87b3957037a215d1a4,direct_traffic,home_decor,online_small,manufacturer,166,1.0,120.0,5.0,-81.0,1,1,1,3,dormant,2,mid_value
044668ccd5316b12a7cf0d54a156e3e9,unknown,food_drink,offline,reseller,188,3.0,137.8,5.0,-81.0,1,2,1,4,at_risk,2,mid_value
30a81d8cf85fb2ada1b1b094c9583a95,unknown,pet,online_top,reseller,201,17.0,1245.42,4.85,-41.0,1,4,3,8,loyal,2,mid_value
0ddefe3c7a032b91f4e25b9c3a08fca1,paid_search,household_utilities,online_small,reseller,180,9.0,402.9,4.5,-113.0,1,3,2,6,promising,2,mid_value
6f835fd4be26989b1b064399da346143,unknown,audio_video_electronics,online_medium,reseller,103,2.0,197.8,5.0,-81.0,3,1,2,6,promising,1,standard
3e35a8bb43569389d3cebef0ce820f69,unknown,food_drink,industry,reseller,202,1.0,55.8,5.0,-73.0,1,1,1,3,dormant,2,mid_value
a7d0f8dd44f57ef6de7f7f02e3d82630,email,health_beauty,online_medium,reseller,102,2.0,73.78999999999999,4.5,-81.0,3,1,1,5,at_risk,1,standard
a663d9c3797e90eac99ff60939416a56,unknown,computers,online_beginner,reseller,102,1.0,235.0,5.0,-81.0,3,1,2,6,promising,1,standard
a213f1bd6458f4a158f3746cb2514559,paid_search,computers,online_beginner,reseller,104,1.0,41.52,5.0,-81.0,3,1,1,5,at_risk,1,standard
a56e351445e5863fc8960640ba9190c7,direct_traffic,home_decor,online_small,reseller,162,3.0,760.9200000000001,4.25,-81.0,1,2,3,6,promising,2,mid_value
fcdd820084f17e9982427971e4e9d47f,unknown,household_utilities,online_big,manufacturer,173,16.0,4783.99,3.259259259259259,13.0,1,4,4,9,loyal,3,high_value
131fcb0a0c9a47bba4474aacff0f14b7,paid_search,home_appliances,online_medium,reseller,110,4.0,369.8,4.0,-81.0,3,2,2,7,promising,1,standard
3d5d0dc7073a299e31fa718ce1bc00b6,paid_search,health_beauty,online_medium,reseller,93,23.0,790.7,4.166666666666667,-81.0,4,4,3,11,champions,1,standard
3492e68f37fd1df87f4f2f2ea247f445,organic_search,car_accessories,online_medium,reseller,176,8.0,787.86,3.555555555555556,-293.0,1,3,3,7,promising,2,mid_value
ba143b05f0110f0dc71ad71b4466ce92,paid_search,books,online_big,reseller,112,85.0,6110.58,4.423529411764706,-81.0,3,4,4,11,champions,3,high_value
11fb6f6d341adbe19e81733701704635,paid_search,home_decor,online_medium,reseller,53,3.0,1197.0,5.0,-81.0,4,2,3,9,loyal,1,standard
ade45994b717ccee333492330fbf037b,social,audio_video_electronics,online_big,reseller,147,10.0,7196.0,4.5,-111.0,2,3,4,9,loyal,3,high_value
da6a60cc8cc724fe51be021ff8be779c,organic_search,books,online_big,reseller,86,12.0,728.79,4.769230769230769,-205.0,4,4,3,11,champions,1,standard
a69aa24cec11168e7e39a3fbc727e925,organic_search,health_beauty,online_big,reseller,100,3.0,105.97,5.0,-34.0,3,2,1,6,promising,1,standard
6025c79c035c3d772133b8b8238463b2,unknown,car_accessories,online_medium,reseller,89,2.0,989.74,5.0,-56.0,4,1,3,8,loyal,1,standard
e1643dff33666ca629e3644c02738179,paid_search,household_utilities,offline,reseller,148,3.0,170.0,4.333333333333333,-112.0,2,2,1,5,at_risk,2,mid_value
cc63f0dd2acba93ffed4fe9f8e0321fa,social,home_office_furniture,online_beginner,reseller,106,55.0,7096.71,4.047619047619048,-81.0,3,4,4,11,champions,3,high_value
bb2afe2061d53c6968aa0cffa233a8ec,organic_search,sports_leisure,online_medium,reseller,123,5.0,549.4,4.833333333333333,-81.0,3,3,3,9,loyal,1,standard
c8cc60ffd415254af5d9b9f34f32c369,social,pet,online_medium,reseller,99,8.0,722.2,4.666666666666667,-81.0,3,3,3,9,loyal,1,standard
c1849d4d32d7a6cecd5aa471809d3135,paid_search,party,offline,manufacturer,82,3.0,388.98,4.333333333333333,-171.0,4,2,2,8,loyal,1,standard
4125d9385a25e82d2f72d3a0fd55bc3f,direct_traffic,home_decor,online_medium,reseller,125,1.0,42.9,5.0,-81.0,2,1,1,4,at_risk,1,standard
5f5a58930c3c35f3b5af264f34fb8c85,organic_search,air_conditioning,online_medium,reseller,163,3.0,560.0,5.0,-218.0,1,2,3,6,promising,2,mid_value
8fbd63429be6d3e5e6d1a709b6464802,organic_search,car_accessories,industry,reseller,196,6.0,1061.4,4.625,-98.0,1,3,3,7,promising,2,mid_value
b16d3dadc47d4eb18be3d88bad0775ce,paid_search,sports_leisure,online_medium,manufacturer,133,10.0,722.1,4.363636363636363,-81.0,2,3,3,8,loyal,2,mid_value
dd5450b022b2d00a2145a66331e1aef6,social,household_utilities,online_medium,reseller,169,1.0,59.0,5.0,-81.0,1,1,1,3,dormant,2,mid_value
845e8036c3f7bf62099352f5ed910240,unknown,bed_bath_table,online_big,reseller,97,21.0,1584.6,3.8333333333333335,59.0,3,4,4,11,champions,1,standard
f049a72cf58fd31b11f8919cade515e7,paid_search,audio_video_electronics,online_beginner,reseller,75,3.0,138.75,3.5,-81.0,4,2,1,7,promising,1,standard
117cfc326c6d50da67ca858ff5c0c852,organic_search,household_utilities,online_medium,reseller,131,5.0,454.6,4.6,-81.0,2,3,2,7,promising,2,mid_value
f1fdf2d13186575751aa25876536d85c,organic_search,sports_leisure,online_big,reseller,139,1.0,26.3,5.0,-81.0,2,1,1,4,at_risk,2,mid_value
b64d51f0435e884e8de603b1655155ae,paid_search,household_utilities,online_medium,reseller,174,17.0,416.18,4.130434782608695,-137.0,1,4,2,7,promising,2,mid_value
56e361f411e38dcef17cdc2a3d99628b,organic_search,audio_video_electronics,industry,manufacturer,89,5.0,1298.0,4.5,-81.0,4,3,4,11,champions,1,standard
cac876b37d3abcd6bd76caca30277996,paid_search,home_decor,online_big,reseller,191,27.0,2229.77,4.5625,-81.0,1,4,4,9,loyal,2,mid_value
a414555ce331b8c8aea4a9cb8395194d,organic_search,home_appliances,online_medium,reseller,190,7.0,1450.95,3.571428571428572,-81.0,1,3,4,8,loyal,2,mid_value
c54679b132454625907c773d273d4126,paid_search,health_beauty,online_medium,manufacturer,211,7.0,1032.0,4.875,-52.0,1,3,3,7,promising,2,mid_value
4a82168aaef173cbb6e46ae88728f919,paid_search,health_beauty,online_big,reseller,97,4.0,512.0,4.0,-81.0,3,2,2,7,promising,1,standard
d8d9567d0bfb0bc7eb845a205ba42657,paid_search,books,online_medium,reseller,180,4.0,74.6,3.5,-143.0,1,2,1,4,at_risk,2,mid_value
3ab971ce71839580d2ae5b4e40fe8044,organic_search,home_decor,online_big,reseller,103,36.0,5002.900000000001,3.888888888888889,23.0,3,4,4,11,champions,3,high_value
02f623a8eb246f3c5f7c2f96462654e6,organic_search,sports_leisure,online_medium,reseller,111,44.0,6378.0,4.558139534883721,-81.0,3,4,4,11,champions,3,high_value
6aa3928696eab49a19a466e665a649fd,unknown,health_beauty,online_medium,reseller,182,18.0,2075.0,4.545454545454546,5.0,1,4,4,9,loyal,2,mid_value
539ed9e19811677513447759be5eccfc,organic_search,home_decor,industry,reseller,84,2.0,32.83,3.0,-143.0,4,1,1,6,promising,0,low_value
d7827b2af99326a03b0ed9c7a24db0d3,paid_search,construction_tools_house_garden,online_big,reseller,132,1.0,1455.0,5.0,-81.0,2,1,4,7,promising,2,mid_value
bd4431c1a8dfa744b59e1e2a8bc99b9e,paid_search,health_beauty,offline,reseller,193,7.0,809.5,4.571428571428571,-34.0,1,3,3,7,promising,2,mid_value
4a1917ef994878940e1fb03eeb787ad7,social,phone_mobile,industry,reseller,120,2.0,768.0,2.6666666666666665,-81.0,3,1,3,7,promising,0,low_value
c0aff2da32c17759d30b22fb0af6649d,paid_search,music_instruments,online_medium,reseller,110,4.0,188.8,3.8,-81.0,3,2,2,7,promising,1,standard
cb6c9f5888a7a090c75beaf615925792,unknown,construction_tools_house_garden,online_medium,reseller,109,11.0,779.8900000000001,3.8181818181818175,-81.0,3,3,3,9,loyal,1,standard
59cea8e446d3834393058e7e0666b6fb,unknown,small_appliances,online_big,reseller,92,10.0,696.6,4.6,-81.0,4,3,3,10,champions,1,standard
2cb98e27ce1c18abdb42209b34c382a7,unknown,car_accessories,online_beginner,reseller,161,1.0,62.49,4.0,-81.0,2,1,1,4,at_risk,2,mid_value
3289d8c3eef4873f91ce0b1343c0dd58,referral,sports_leisure,online_small,manufacturer,103,1.0,199.99,5.0,-81.0,3,1,2,6,promising,1,standard
55c26bcb609f480eb7868594245febb5,organic_search,baby,online_big,reseller,160,6.0,664.4000000000001,4.0,-81.0,2,3,3,8,loyal,2,mid_value
5c3460cd3e8a984382ae254e7dd20d9f,social,baby,online_small,reseller,209,9.0,775.76,4.7,-81.0,1,3,3,7,promising,2,mid_value
0e72c1a751b496722a6cb1f10653b62a,direct_traffic,books,industry,reseller,148,3.0,140.8,4.666666666666667,-81.0,2,2,1,5,at_risk,2,mid_value
ae7ab174effdead6c241e547e4ca13f0,organic_search,household_utilities,online_medium,manufacturer,125,6.0,2778.6,3.857142857142857,-81.0,2,3,4,9,loyal,2,mid_value
1d953075c2f0dd990bacf27b83b330f1,organic_search,computers,online_medium,reseller,49,1.0,59.0,5.0,-81.0,4,1,1,6,promising,1,standard
9261d76c62caaf0b24677c2ceb7f8f20,unknown,household_utilities,industry,reseller,77,6.0,968.7,3.7142857142857135,-81.0,4,3,3,10,champions,1,standard
160851d3ece7aa1a510f8d1a4bb8a8af,unknown,construction_tools_house_garden,industry,manufacturer,20,2.0,102.05,5.0,-81.0,4,1,1,6,promising,1,standard
c004e5ea15737026cecaee0447e00b75,paid_search,construction_tools_house_garden,offline,reseller,134,2.0,4700.0,1.0,-81.0,2,1,4,7,promising,0,low_value
7ff588a03c2aeae4fbd23f9ae64b760d,paid_search,car_accessories,online_big,reseller,78,14.0,1182.2,4.6875,-81.0,4,4,3,11,champions,1,standard
880ce4951cf857ab1d9e0b75c1d856f4,organic_search,car_accessories,industry,reseller,189,1.0,178.9,5.0,-81.0,1,1,1,3,dormant,2,mid_value
9e6967d3cf386d284251784b18ccb485,organic_search,construction_tools_house_garden,online_big,reseller,117,9.0,517.67,3.636363636363636,9.0,3,3,2,8,loyal,1,standard
e9c2dc0dd4ac38448289be644ac94f42,direct_traffic,sports_leisure,online_medium,reseller,48,3.0,118.39,5.0,-81.0,4,2,1,7,promising,1,standard
964ff64dc05b13811c6d0f41e0aa5f6b,unknown,home_decor,online_big,manufacturer,119,1.0,180.0,5.0,7.0,3,1,2,6,promising,1,standard
1cbdc7cf130a41fd13a3c2a7d2fcfda7,unknown,bed_bath_table,offline,reseller,144,2.0,165.8,5.0,-81.0,2,1,1,4,at_risk,2,mid_value
271b8923c6a549e02d3c9fd1f8c0422b,unknown,household_utilities,offline,reseller,68,1.0,105.19,4.0,-81.0,4,1,1,6,promising,1,standard
44717f64ec2a457979cf83c429077666,direct_traffic,handcrafted,online_medium,reseller,124,2.0,107.0,5.0,1.0,2,1,1,4,at_risk,1,standard
31be790e64fc99f8ff48ec2bd18a3104,social,household_utilities,online_beginner,reseller,39,6.0,241.4,4.333333333333333,116.0,4,3,2,9,loyal,1,standard
120476eb7a04c149d14772edaf5d9bf2,paid_search,construction_tools_house_garden,online_big,reseller,43,4.0,2368.8,3.8333333333333335,533.0,4,2,4,10,champions,1,standard
94d76e96eedd976258cd3278ce56d5f2,organic_search,construction_tools_house_garden,online_big,manufacturer,181,1.0,385.61,5.0,-84.0,1,1,2,4,at_risk,2,mid_value
377bc18334c78dd2f1535ef22a3ad225,unknown,car_accessories,online_big,reseller,153,1.0,135.98,5.0,-117.0,2,1,1,4,at_risk,2,mid_value
58f1a6197ed863543e0136bdedb3fce2,paid_search,fashion_accessories,online_medium,reseller,161,44.0,6833.0,4.155555555555556,-81.0,2,4,4,10,champions,3,high_value
65febd49fd28ec955651299159b1f527,organic_search,household_utilities,online_big,reseller,141,35.0,4319.7,4.225,-137.0,2,4,4,10,champions,3,high_value
9b1585752613ec342d03bbab9997ec48,organic_search,car_accessories,offline,reseller,89,3.0,4248.98,3.6666666666666665,-117.0,4,2,4,10,champions,1,standard
cbf09e831b0c11f6f23ffb51004db972,organic_search,household_utilities,online_top,reseller,119,10.0,1535.2,4.4,-55.0,3,3,4,10,champions,1,standard
4f0d637c1197fd65405ebd755ac9f86b,paid_search,health_beauty,online_medium,reseller,148,2.0,199.8,5.0,-81.0,2,2,2,6,promising,2,mid_value
dbdd0ec73a4817971d962698f2fea022,direct_traffic,health_beauty,online_big,manufacturer,187,16.0,6384.0,4.375,-81.0,1,4,4,9,loyal,3,high_value
caa9bc43a9fe8cf9c564ddd8a03cc4a6,unknown,toys,online_medium,reseller,133,13.0,803.87,4.6923076923076925,-81.0,2,4,3,9,loyal,2,mid_value
fe87f472055fbcf1d7e691c00b1560dc,other,home_decor,online_medium,reseller,197,6.0,1085.8,4.5,-81.0,1,3,3,7,promising,2,mid_value
da4d149c0ddbac90557103ac0a0ec356,organic_search,sports_leisure,online_medium,reseller,209,1.0,730.0,3.0,-171.0,1,1,3,5,at_risk,0,low_value
693660429f9dc4ff704eb3d88dad54d7,social,audio_video_electronics,online_medium,reseller,74,2.0,124.0,4.0,-192.0,4,2,1,7,promising,1,standard
7d7866a99a8656a42c7ff6352a433410,organic_search,household_utilities,offline,reseller,69,5.0,147.89,4.4,-128.0,4,3,1,8,loyal,1,standard
657969cca82e884d272385ec0ef06edd,social,fashion_accessories,industry,reseller,180,3.0,139.70000000000002,4.666666666666667,-81.0,1,2,1,4,at_risk,2,mid_value
dda37071807e404c5bb2a1590c66326f,paid_search,bags_backpacks,online_small,manufacturer,134,1.0,199.99,5.0,-81.0,2,1,2,5,at_risk,2,mid_value
671585f5a2af58b6e276bc01003c0d2b,social,household_utilities,online_medium,manufacturer,49,27.0,1244.0,4.703703703703703,-12.0,4,4,3,11,champions,1,standard
4a1f694197d05fe70026b016a7316b41,paid_search,home_decor,online_medium,reseller,187,14.0,907.77,4.391304347826087,-241.0,1,4,3,8,loyal,2,mid_value
3d3ccf2b2f8134b10dce9dd446f0e075,paid_search,home_decor,online_medium,reseller,104,3.0,608.6,3.333333333333333,-81.0,3,2,3,8,loyal,0,low_value
2cb6eb1b7185064167657fa09f541105,paid_search,home_decor,online_medium,manufacturer,205,6.0,1217.9,4.25,-198.0,1,3,3,7,promising,2,mid_value
c84592044b180dec206770c38603814b,unknown,audio_video_electronics,online_medium,reseller,189,15.0,511.94000000000005,4.2,-81.0,1,4,2,7,promising,2,mid_value
c3e1abd72a42fe690fcd89cf5720fe29,organic_search,pet,online_big,reseller,103,13.0,1798.61,4.461538461538462,-81.0,3,4,4,11,champions,1,standard
4d0041cdbe51b4617d95c70b19decc74,organic_search,car_accessories,industry,reseller,109,8.0,5235.200000000001,4.5,-81.0,3,3,4,10,champions,3,high_value
2fa13c8bd5705d279f7ed5cc9ec61c68,unknown,health_beauty,online_medium,reseller,202,2.0,87.4,5.0,-317.0,1,2,1,4,at_risk,2,mid_value
18e694e0e48ed6f7aa3f24aade5fd697,unknown,computers,online_medium,reseller,134,31.0,701.54,4.676470588235294,52.0,2,4,3,9,loyal,1,standard
fd435faa3c0422b60440ea3480d0e77c,unknown,music_instruments,online_big,reseller,13,1.0,749.0,5.0,-81.0,4,1,3,8,loyal,1,standard
7816cd9c5b1238e320545f5bf7eb80e8,organic_search,construction_tools_house_garden,online_big,reseller,85,1.0,489.0,4.0,-114.0,4,1,2,7,promising,1,standard
c963a25b8671419c6ce9eebe8fd03218,paid_search,home_decor,online_medium,manufacturer,148,1.0,49.0,5.0,-21.0,2,1,1,4,at_risk,2,mid_value
2aafae69bf4c41fbd94053d9413e87ee,social,stationery,online_medium,manufacturer,111,2.0,94.0,4.5,46.0,3,2,1,6,promising,1,standard
d66c11a9572221d92fbb8c4897db5f9b,direct_traffic,household_utilities,industry,manufacturer,116,16.0,776.56,4.5625,-112.0,3,4,3,10,champions,1,standard
01fd077212124329bac32490e8ef80d9,unknown,household_utilities,online_medium,reseller,132,31.0,1208.0,4.307692307692308,-81.0,2,4,3,9,loyal,2,mid_value
9d213f303afae4983637247556438ede,paid_search,bed_bath_table,online_big,reseller,89,2.0,47.7,5.0,-81.0,4,2,1,7,promising,1,standard
8c9348f33ae3dada25c99c99ade2af78,paid_search,construction_tools_house_garden,online_small,reseller,104,2.0,312.99,5.0,438.0,3,2,2,7,promising,1,standard
f1b854361f4e15d5851b494df66f22b2,direct_traffic,pet,online_big,manufacturer,119,3.0,1168.8,2.75,-115.0,3,2,3,8,loyal,0,low_value
c8665a4dd081a2c436b1cd921079d0d9,direct_traffic,car_accessories,online_medium,reseller,90,1.0,79.39,5.0,-148.0,4,1,1,6,promising,1,standard
138dbe45fc62f1e244378131a6801526,paid_search,household_utilities,online_medium,reseller,104,49.0,1125.56,3.9827586206896552,-81.0,3,4,3,10,champions,3,high_value
eb72802c83dc7547529c9546d1a9b8ef,organic_search,health_beauty,online_medium,reseller,99,8.0,1063.92,4.625,-81.0,3,3,3,9,loyal,1,standard
b67d6c666e8dce1d078c882825e12704,unknown,sports_leisure,online_medium,reseller,110,7.0,352.84,4.875,-81.0,3,3,2,8,loyal,1,standard
980640c45d7a4635885491d077167e4d,unknown,bags_backpacks,online_medium,reseller,75,14.0,1004.29,4.642857142857143,-81.0,4,4,3,11,champions,1,standard
dc7192adf8ba09569261f4a8d576afe0,unknown,household_utilities,online_medium,reseller,88,7.0,917.0,3.625,-86.0,4,3,3,10,champions,1,standard
ffad1e7127fb622cb64a900751590acd,organic_search,home_decor,online_medium,manufacturer,186,10.0,884.3,4.866666666666666,31.0,1,3,3,7,promising,2,mid_value
7b98de631987e26dd6d803490c43a13c,organic_search,construction_tools_house_garden,industry,manufacturer,91,8.0,634.2,4.625,-81.0,4,3,3,10,champions,1,standard
70bf57d811208f8923b41bbd499a67a4,direct_traffic,small_appliances,online_medium,reseller,61,7.0,780.8000000000001,4.142857142857143,-81.0,4,3,3,10,champions,1,standard
bc8c8d665ec4664d286be0d521722b19,organic_search,food_drink,online_medium,reseller,112,1.0,22.5,2.0,-45.0,3,1,1,5,at_risk,0,low_value
a63bfbaa882c8f4542891b4e2246cc7f,referral,health_beauty,online_big,reseller,76,7.0,6772.0,4.428571428571429,-81.0,4,3,4,11,champions,3,high_value
33d677f27a69b84051204ee4ae76eaca,direct_traffic,food_drink,offline,reseller,209,9.0,165.0,4.6,-203.0,1,3,1,5,at_risk,2,mid_value
8a8835a43bda99fd37310ad76c457510,referral,car_accessories,online_big,reseller,83,2.0,224.34,4.333333333333333,-81.0,4,2,2,8,loyal,1,standard
0873d9f8f36123f8d910f4760e788cfb,unknown,audio_video_electronics,online_medium,reseller,134,6.0,7265.59,3.1666666666666665,-81.0,2,3,4,9,loyal,3,high_value
59bbc819b99a733f02f0d6b49d1c253d,organic_search,car_accessories,online_medium,reseller,183,2.0,139.8,5.0,-116.0,1,2,1,4,at_risk,2,mid_value
61b18775be84fb700a6b2d0ba097bf66,paid_search,pet,industry,reseller,161,4.0,334.5,4.6,-81.0,2,2,2,6,promising,2,mid_value
761681a821d8275bc79f552116d06869,organic_search,home_decor,online_big,reseller,204,3.0,354.92,5.0,-319.0,1,2,2,5,at_risk,2,mid_value
1a8e2d9c38b84a9702ac7922924b0573,paid_search,household_utilities,industry,manufacturer,198,1.0,80.0,5.0,-313.0,1,1,1,3,dormant,2,mid_value
c32fc744b9160ac853450488e3cfea93,organic_search,food_supplement,online_medium,reseller,155,3.0,185.7,2.333333333333333,-81.0,2,2,2,6,promising,0,low_value
165b1235e9e9942cb5fae67103576fb0,paid_search,home_decor,online_big,reseller,100,11.0,2085.15,4.3125,-81.0,3,3,4,10,champions,1,standard
9803a40e82e45418ab7fb84091af5231,organic_search,audio_video_electronics,online_big,reseller,152,11.0,4278.75,3.111111111111111,-81.0,2,3,4,9,loyal,0,low_value
ec8463980a4e0ea9f8517aea1ed0c419,organic_search,home_decor,online_medium,manufacturer,120,2.0,239.2,5.0,-56.0,3,2,2,7,promising,1,standard
f9eda05b67bef472deaddbba84aca289,paid_search,watches,offline,reseller,154,1.0,185.0,1.0,-81.0,2,1,2,5,at_risk,0,low_value
ffa6adafb71b807dc13159e26431354c,organic_search,car_accessories,online_big,manufacturer,168,18.0,2669.9,3.7777777777777777,-81.0,1,4,4,9,loyal,2,mid_value
447d377bdb757058acb569025ee18a93,organic_search,toys,online_medium,reseller,194,1.0,64.99,5.0,-81.0,1,1,1,3,dormant,2,mid_value
1f7dfad2cb384ea4d2d7e1ffbd78c407,unknown,toys,industry,manufacturer,110,1.0,49.0,1.0,-81.0,3,1,1,5,at_risk,0,low_value
8de8fe3af4449ed695d2434c933ed73e,organic_search,air_conditioning,online_medium,reseller,60,1.0,2090.0,5.0,-81.0,4,1,4,9,loyal,1,standard
c5f7e746b7e6d07def6c0dae9903279b,organic_search,pet,industry,reseller,160,10.0,1429.0,4.454545454545454,-275.0,2,3,4,9,loyal,2,mid_value
4bfc7a4a1cf8d4d2121c27422d9e50b5,paid_search,home_decor,online_big,reseller,153,26.0,8124.4,4.225,-81.0,2,4,4,10,champions,3,high_value
bec568278124768c474ee90971ca94d1,paid_search,home_decor,online_beginner,reseller,64,2.0,219.9,4.5,-81.0,4,2,2,8,loyal,1,standard
762fafdaa57a532ee0119731697579dd,unknown,toys,online_beginner,reseller,160,5.0,206.7,5.0,-81.0,2,3,2,7,promising,2,mid_value
d263fa444c1504a75cbca5cc465f592a,direct_traffic,gifts,offline,reseller,132,1.0,399.0,5.0,-81.0,2,1,2,5,at_risk,2,mid_value
3f9be91358837bff69df67edfa3e42e8,paid_search,pet,online_medium,reseller,159,7.0,569.7,4.428571428571429,-81.0,2,3,3,8,loyal,2,mid_value
4867209cb29b56b92893d7bde3ce8012,paid_search,health_beauty,online_small,manufacturer,191,1.0,150.0,4.0,-276.0,1,1,1,3,dormant,2,mid_value
d4ffeb15b67e81ff9af2b4252d99fb7e,unknown,bags_backpacks,online_medium,reseller,125,11.0,1400.4,4.3,90.0,2,3,4,9,loyal,1,standard
5e9f5bd34e0830569f05c9d4f56e04a8,organic_search,bags_backpacks,online_medium,manufacturer,133,2.0,239.98,4.5,53.0,2,2,2,6,promising,1,standard
d8bf0fc082fd4a77fc2e5679b6c00133,organic_search,construction_tools_house_garden,online_medium,reseller,124,1.0,139.9,5.0,2.0,2,1,1,4,at_risk,1,standard
8a432f4e5b471f8da497d7dc517666e2,organic_search,bed_bath_table,online_big,reseller,148,95.0,7555.0,4.201923076923077,-81.0,2,4,4,10,champions,3,high_value
03a2a6dcbe45d639c4dc2a0d24769c40,social,construction_tools_house_garden,online_beginner,reseller,179,9.0,1078.41,4.111111111111111,-82.0,1,3,3,7,promising,2,mid_value
6a38087bc8ad4f89ff453561005f6dea,referral,computers,online_big,reseller,88,15.0,1833.43,4.409090909090909,-178.0,4,4,4,12,champions,1,standard
d9a84e1403de8da0c3aa531d6d108ba6,organic_search,toys,online_medium,reseller,190,54.0,1425.2,4.559322033898305,-81.0,1,4,4,9,loyal,3,high_value
f12d3c2a14729ae461b920c11fe20fdc,organic_search,home_decor,online_big,reseller,187,9.0,364.45,4.2727272727272725,-272.0,1,3,2,6,promising,2,mid_value
a8739afb32aaa45e01815ca76f76f54b,paid_search,car_accessories,online_big,reseller,161,13.0,298.83,3.466666666666667,-81.0,2,4,2,8,loyal,0,low_value
5bf397d04035b5f45cc41e82ec106803,direct_traffic,household_utilities,offline,reseller,148,3.0,1525.0,4.25,-81.0,2,2,4,8,loyal,2,mid_value
d1ef48b38baca7e831711c4a0aeb398f,organic_search,construction_tools_house_garden,online_medium,reseller,173,29.0,1469.12,4.428571428571429,-81.0,1,4,4,9,loyal,2,mid_value
e5cbe890e679490127e9a390b46bbd20,paid_search,food_supplement,online_top,manufacturer,104,2.0,908.99,4.5,-81.0,3,2,3,8,loyal,1,standard
723cd880edaacdb998898b67c8f9da30,paid_search,bed_bath_table,online_medium,reseller,151,11.0,2136.53,4.166666666666667,-81.0,2,3,4,9,loyal,2,mid_value
36f98ad67cc981f50ce8aed093d5783c,social,audio_video_electronics,online_small,reseller,84,2.0,119.4,4.0,41.0,4,2,1,7,promising,1,standard
83c465a786b06574376909b35ef6752a,paid_search,handcrafted,offline,unknown,106,3.0,281.4,5.0,-81.0,3,2,2,7,promising,1,standard
6c99c983ce3b6ba0ab813e6790e81691,direct_traffic,toys,online_small,reseller,113,9.0,546.75,3.7777777777777777,-202.0,3,3,2,8,loyal,2,mid_value
5e105f5c9f63f5f1fd75d6cb942e55b1,unknown,home_decor,online_medium,manufacturer,190,8.0,1471.9,4.5,-91.0,1,3,4,8,loyal,2,mid_value
bdae679a9b282249bc23b9b69dae9a99,direct_traffic,construction_tools_house_garden,online_medium,reseller,196,6.0,663.15,3.5,-81.0,1,3,3,7,promising,2,mid_value
52a50b42accf164f9f019941e5759d9b,organic_search,food_drink,online_small,manufacturer,96,4.0,139.96,4.75,-81.0,4,2,1,7,promising,1,standard
da7039f29f90ce5b4846ffc0fcc93beb,organic_search,audio_video_electronics,online_medium,reseller,162,17.0,1259.1,4.555555555555555,-81.0,1,4,3,8,loyal,2,mid_value
f22a247b79dd22ecd91dc8e3b2a1b07c,unknown,health_beauty,online_medium,manufacturer,112,8.0,439.94,4.0,-81.0,3,3,2,8,loyal,1,standard
bb7ad8a45c027be8ab075b8e465f8ca0,paid_search,household_utilities,industry,manufacturer,78,2.0,19.98,5.0,-43.0,4,2,1,7,promising,1,standard
1cbd32d00d01bb8087a5eb088612fd9c,organic_search,health_beauty,online_big,reseller,98,11.0,1045.47,4.25,-81.0,3,3,3,9,loyal,1,standard
ffc470761de7d0232558ba5e786e57b7,unknown,construction_tools_house_garden,online_big,reseller,175,28.0,1649.01,4.3,-81.0,1,4,4,9,loyal,2,mid_value
07de60b03d150fb3ea09eab5da5e4c8b,unknown,bed_bath_table,industry,manufacturer,196,9.0,719.1,4.333333333333333,-81.0,1,3,3,7,promising,2,mid_value
86ff3eaef0267069cc891a2ed9d10a17,unknown,sports_leisure,online_medium,reseller,131,7.0,409.75,4.714285714285714,-81.0,2,3,2,7,promising,2,mid_value
299c89a525fee36c567f4fe72f038100,organic_search,audio_video_electronics,online_big,manufacturer,161,2.0,658.0,2.0,-94.0,2,2,3,7,promising,0,low_value
3ea08c48e851106d2f584349daba335f,social,baby,online_medium,manufacturer,111,1.0,170.0,4.0,-81.0,3,1,1,5,at_risk,1,standard
2d34636518ba88f5349b732fcf8ba2e4,unknown,computers,industry,reseller,169,1.0,150.0,5.0,-72.0,1,1,1,3,dormant,2,mid_value
e8dba4d70f7f2b20e775d09cae01142d,direct_traffic,bags_backpacks,online_big,reseller,85,9.0,855.91,4.333333333333333,-205.0,4,3,3,10,champions,1,standard
bbe87dce25ba8b38bb61cc7210a3f10b,organic_search,construction_tools_house_garden,online_big,reseller,139,2.0,287.0,5.0,-81.0,2,2,2,6,promising,2,mid_value
94165aea8a35c3c21499cbcae239b16c,paid_search,car_accessories,online_medium,reseller,145,1.0,180.0,2.0,-81.0,2,1,2,5,at_risk,0,low_value
3d2531eccfbde1d7c8db7a3a12fb267a,organic_search,music_instruments,online_medium,reseller,152,10.0,1999.54,4.222222222222222,-53.0,2,3,4,9,loyal,2,mid_value
184725737946a1a938bbbd1a9e978103,unknown,fashion_accessories,online_big,reseller,109,3.0,359.70000000000005,4.666666666666667,-81.0,3,2,2,7,promising,1,standard
2ba91c7ad80ff88b23b7db823b43c233,direct_traffic,pet,unknown,reseller,202,6.0,740.4,3.8333333333333335,-81.0,1,3,3,7,promising,2,mid_value
bf0d50a6410d487dc97d2baac0a8c0be,organic_search,home_decor,online_medium,manufacturer,120,1.0,27.9,2.0,-81.0,3,1,1,5,at_risk,0,low_value
9da15f4a4ea758d9eeb49000dbe57e22,unknown,home_decor,online_medium,reseller,152,1.0,196.9,2.0,65.0,2,1,2,5,at_risk,0,low_value
0a85ebe4e328db81ac9109781205e2f7,organic_search,home_decor,online_medium,manufacturer,146,12.0,667.9,4.583333333333333,-81.0,2,4,3,9,loyal,2,mid_value
7f5e4d5efad7e44b91115dd1decb65f3,organic_search,audio_video_electronics,online_medium,reseller,120,3.0,179.9,5.0,98.0,3,2,2,7,promising,1,standard
1b4b28463457a256e9a784ebe2a8f630,unknown,car_accessories,online_medium,reseller,106,1.0,699.42,1.0,-81.0,3,1,3,7,promising,0,low_value
42fa4ee7240e9b8eb4576358ec142ba7,unknown,household_utilities,online_medium,reseller,191,22.0,3845.7,4.809523809523809,-81.0,1,4,4,9,loyal,3,high_value
89a51f50b8095ea78d5768f34c13a76f,paid_search,health_beauty,online_small,reseller,119,10.0,677.16,4.727272727272728,-81.0,3,3,3,9,loyal,1,standard
f9ec7093df3a7b346b7bcf7864069ca3,paid_search,small_appliances,online_medium,reseller,89,9.0,519.2,4.777777777777778,-86.0,4,3,2,9,loyal,1,standard
7238a95bb63ef7e498389fb863b834a1,paid_search,construction_tools_house_garden,online_big,manufacturer,135,15.0,2265.7,4.733333333333333,-81.0,2,4,4,10,champions,2,mid_value
850913d59ce317156b00f3705f1c3edb,paid_search,phone_mobile,online_medium,reseller,180,32.0,2690.0,3.3529411764705883,-114.0,1,4,4,9,loyal,3,high_value
e1c76f339ebd5460999f25a2aa8c92c5,email,small_appliances,online_medium,unknown,181,1.0,899.9,5.0,-81.0,1,1,3,5,at_risk,2,mid_value
72c38a04bd6a1c3dbc5298425a0db86d,organic_search,audio_video_electronics,online_beginner,reseller,155,4.0,647.3,3.8,3.0,2,2,3,7,promising,2,mid_value
57df9869a600bd6b7c405f2a862eccfb,paid_search,household_utilities,online_medium,manufacturer,204,5.0,125.0,4.4,-197.0,1,3,1,5,at_risk,2,mid_value
4e480be820e37de1444325ff358c9296,unknown,car_accessories,online_big,reseller,69,1.0,430.3,5.0,-81.0,4,1,2,7,promising,1,standard
ce4755084bc097113867e6454f8f5e52,paid_search,health_beauty,industry,manufacturer,91,1.0,18.9,5.0,-58.0,4,1,1,6,promising,1,standard
ca7c6bd577e559472af1c699de9e764e,email,health_beauty,online_medium,reseller,145,6.0,148.0,4.0,-81.0,2,3,1,6,promising,2,mid_value
13511db12ac61e2f89c53b72a944a60b,display,car_accessories,online_big,manufacturer,166,6.0,798.0,3.5,-81.0,1,3,3,7,promising,0,low_value
d3dcf0604eabf0224fbd5948b5e02f69,unknown,music_instruments,online_medium,reseller,187,9.0,2902.3,3.888888888888889,-302.0,1,3,4,8,loyal,2,mid_value
7ade73f1b9b4e965f9009a4c3a7e2c15,organic_search,household_utilities,online_medium,manufacturer,139,27.0,1880.3,4.777777777777778,-226.0,2,4,4,10,champions,2,mid_value
87d3c3aeb3ead335511b3ce315eb341e,direct_traffic,toys,offline,reseller,86,15.0,749.3499999999999,3.5,-114.0,4,4,3,11,champions,1,standard
ae45df84722b1d15c5f32b23a095746c,organic_search,health_beauty,online_small,reseller,189,9.0,901.83,4.833333333333333,-81.0,1,3,3,7,promising,2,mid_value
cad9969167c09b48ae6f1d123f7fa68d,direct_traffic,home_decor,online_small,reseller,182,2.0,43.2,3.0,-81.0,1,2,1,4,at_risk,0,low_value
85044848b1b767db2a4a58526adef4b4,referral,phone_mobile,offline,reseller,183,4.0,240.6,3.25,-81.0,1,2,2,5,at_risk,0,low_value
9c1c0c36cd23c20897e473901a8fb149,organic_search,food_drink,online_medium,reseller,141,6.0,544.97,5.0,-81.0,2,3,2,7,promising,2,mid_value
ce20a2ec1514c25e16f2b5b39bc818f0,organic_search,pet,online_medium,reseller,183,4.0,287.0,4.857142857142857,-81.0,1,2,2,5,at_risk,2,mid_value
cad10cc982ab6a391570c211b995c17c,email,pet,online_medium,reseller,147,1.0,47.4,5.0,-80.0,2,1,1,4,at_risk,2,mid_value
7d7d2b7a51328016102d4528c411d630,unknown,home_decor,offline,reseller,147,7.0,918.8,4.142857142857143,-81.0,2,3,3,8,loyal,2,mid_value
651530bf5c607240ccdd89a30c9c9712,paid_search,bags_backpacks,industry,manufacturer,42,1.0,199.9,4.0,-81.0,4,1,2,7,promising,1,standard
5670f4db5b62c43d542e1b2d56b0cf7c,paid_search,health_beauty,online_big,reseller,134,22.0,6630.09,4.409090909090909,-81.0,2,4,4,10,champions,3,high_value
929f342384a6607afe143d789ade1316,unknown,construction_tools_house_garden,online_small,reseller,119,4.0,209.4,5.0,-54.0,3,2,2,7,promising,1,standard
4c18691b6037662be2df78a765d98ab5,unknown,household_utilities,online_small,reseller,198,63.0,3195.52,3.835820895522388,-81.0,1,4,4,9,loyal,3,high_value
aa2640d851ec322526f1295bbeb20092,organic_search,home_decor,online_medium,reseller,182,1.0,159.98,3.0,-81.0,1,1,1,3,dormant,0,low_value
19d62d484cba71963c93f0f00ab42013,unknown,home_decor,online_top,manufacturer,146,1.0,139.9,4.0,-173.0,2,1,1,4,at_risk,2,mid_value
5b0cc932433fa5184b5b94bfe6bcc256,social,home_decor,online_medium,manufacturer,83,12.0,1437.8,3.4705882352941178,73.0,4,4,4,12,champions,1,standard
cd2169d9f31ff6fbb9ca3373b0c9e354,paid_search,audio_video_electronics,online_medium,reseller,106,1.0,569.0,4.0,80.0,3,1,3,7,promising,1,standard
9aa388272ee334b6ae07bc73706e254a,paid_search,bed_bath_table,online_medium,manufacturer,169,6.0,678.0,3.857142857142857,-164.0,1,3,3,7,promising,2,mid_value
1fe5540d7c1c37a595fefbacd5570d9e,paid_search,computers,online_medium,reseller,18,20.0,4537.6,4.28,-81.0,4,4,4,12,champions,3,high_value
bce6a5ecf98e99fd2a8868b15c51f04b,paid_search,watches,online_medium,reseller,117,14.0,3464.9,4.133333333333334,-235.0,3,4,4,11,champions,2,mid_value
902c99f1ac505c0d18778b61bcd636f7,organic_search,gifts,online_medium,reseller,26,4.0,157.96,4.0,-81.0,4,2,1,7,promising,1,standard
2e7ea2aafec5835e781b21d6d1faf1f1,email,health_beauty,online_medium,reseller,78,7.0,528.4,4.5,-81.0,4,3,2,9,loyal,1,standard
b3809b8d4394588a47c8470ea331e135,direct_traffic,audio_video_electronics,online_medium,reseller,119,1.0,89.0,4.0,-55.0,3,1,1,5,at_risk,1,standard
674207551483fec113276b67b0d871ff,direct_traffic,household_utilities,online_medium,manufacturer,132,1.0,119.9,5.0,-81.0,2,1,1,4,at_risk,2,mid_value
455befea1bb853c75ccbca94cff26e5c,organic_search,phone_mobile,offline,unknown,110,1.0,19.99,3.0,-81.0,3,1,1,5,at_risk,0,low_value
dace965ca58120f92f8d742a9fa1864b,organic_search,health_beauty,online_beginner,reseller,190,8.0,1442.0,4.625,-81.0,1,3,4,8,loyal,2,mid_value
ea4e9ce63a2134743b4a92777437fcdd,organic_search,audio_video_electronics,online_medium,manufacturer,141,3.0,316.6,4.75,-167.0,2,2,2,6,promising,2,mid_value
48e954b2da4f6a750c844173b347ed40,social,food_drink,online_small,reseller,174,2.0,397.8,4.166666666666667,-198.0,1,2,2,5,at_risk,2,mid_value
28c7d8743fbc8679f484868cc0fcaefb,social,health_beauty,offline,reseller,137,3.0,201.5,5.0,-81.0,2,2,2,6,promising,2,mid_value
186cdd1b2df32caa72cfb410bba768d3,unknown,household_utilities,online_small,reseller,159,6.0,1341.45,5.0,-276.0,2,3,4,9,loyal,2,mid_value
fac1a9017ade7bdc94058fc1c969f355,unknown,computers,online_medium,reseller,103,9.0,2010.84,4.7,54.0,3,3,4,10,champions,1,standard
269c5fc9fcadee614364c3620c30a1f9,paid_search,bags_backpacks,offline,reseller,48,3.0,209.6,5.0,-81.0,4,2,2,8,loyal,1,standard
516e7738bd8f735ac19a010ee5450d8d,paid_search,health_beauty,online_small,reseller,92,76.0,6643.09,4.547619047619048,92.0,4,4,4,12,champions,3,high_value
788e857f317e53de488d393e65a80f45,organic_search,bags_backpacks,online_medium,manufacturer,125,11.0,1210.0,4.909090909090909,32.0,2,4,3,9,loyal,1,standard
74636e24f01da9268b0ed88dacd8513e,paid_search,toys,online_medium,reseller,161,4.0,776.0,4.0,-246.0,2,2,3,7,promising,2,mid_value
2039c5e51785b5dde7cf93ccb3b7be2c,paid_search,audio_video_electronics,online_beginner,reseller,55,1.0,159.9,5.0,73.0,4,1,1,6,promising,1,standard
9ac4f14370b1e24ddc58be041b7f99df,direct_traffic,bags_backpacks,online_medium,manufacturer,189,5.0,314.51,4.4,-213.0,1,3,2,6,promising,2,mid_value
a11a0e0ca67423425691db355cff69b0,paid_search,car_accessories,online_medium,manufacturer,96,2.0,448.9,5.0,29.0,4,2,2,8,loyal,1,standard
89757206b887aed36f3e18d858460fea,unknown,bags_backpacks,online_medium,reseller,161,2.0,120.5,5.0,-81.0,2,2,1,5,at_risk,2,mid_value
6bd503a8230299c9316fb0f726933927,paid_search,health_beauty,online_big,reseller,78,4.0,324.29,4.6,-134.0,4,2,2,8,loyal,1,standard
3903c788ded8dc03b5ebab37a2f3e9a1,unknown,household_utilities,online_big,reseller,121,5.0,119.98,4.0,-25.0,3,3,1,7,promising,1,standard
094ced053e257ae8cae57205592d6712,direct_traffic,health_beauty,online_medium,reseller,148,19.0,1519.2,4.052631578947368,38.0,2,4,4,10,champions,1,standard
54583ab379489add547fe47b628db589,unknown,baby,online_medium,reseller,70,10.0,2240.0,4.8,-81.0,4,3,4,11,champions,1,standard
c092292535a57dacd95a8765f5518f87,display,construction_tools_house_garden,online_medium,reseller,135,1.0,125.0,5.0,-81.0,2,1,1,4,at_risk,2,mid_value
a53f60f05f822b5c621a50ff6a5cb362,organic_search,home_decor,online_big,manufacturer,125,4.0,415.4,2.6,-81.0,2,2,2,6,promising,0,low_value
88ef59b51bdaa941d10a853429f2b6ce,organic_search,audio_video_electronics,online_medium,reseller,111,2.0,252.9,2.0,-81.0,3,2,2,7,promising,0,low_value
7d81e74a4755b552267cd5e081563028,paid_search,construction_tools_house_garden,industry,manufacturer,86,1.0,32.5,4.0,-81.0,4,1,1,6,promising,1,standard
9b1f656ca3060f8af17a50d8a024b533,organic_search,construction_tools_house_garden,online_medium,reseller,84,2.0,41.0,5.0,-81.0,4,2,1,7,promising,1,standard
77a515caa36327151d1cc6c32a9f00e1,paid_search,stationery,industry,manufacturer,174,26.0,2217.39,4.423076923076923,-46.0,1,4,4,9,loyal,2,mid_value
43402bdf22aa2310e8f99e2f94f78628,unknown,home_office_furniture,industry,manufacturer,124,4.0,649.95,2.8,-81.0,2,2,3,7,promising,0,low_value
28f10b1c5e5abb9d4857745bede6147c,social,audio_video_electronics,online_big,reseller,120,28.0,835.0,4.0,-147.0,3,4,3,10,champions,2,mid_value
1961c3e1272bfeceb05d0b78b5bbfdaf,unknown,games_consoles,online_medium,reseller,62,3.0,896.0,3.75,-81.0,4,2,3,9,loyal,1,standard
7adbd3210a7b3cc2235e225eef33574d,organic_search,household_utilities,online_medium,reseller,119,3.0,131.9,4.666666666666667,-116.0,3,2,1,6,promising,1,standard
33cbbec1e7e1044aaf11d152172c776f,unknown,household_utilities,online_big,reseller,155,15.0,730.67,4.6875,4.0,2,4,3,9,loyal,2,mid_value
97e50a621f8e801f4baf69e08687c192,social,toys,online_small,reseller,180,1.0,89.9,5.0,120.0,1,1,1,3,dormant,2,mid_value
f0ec78809fe0bc3edb11c9fe5b97b059,unknown,household_utilities,online_medium,reseller,142,2.0,62.6,4.0,-81.0,2,2,1,5,at_risk,2,mid_value
6ebf4eceee4dd9847201c82e77ef8123,direct_traffic,health_beauty,online_beginner,reseller,134,1.0,59.9,5.0,-81.0,2,1,1,4,at_risk,2,mid_value
594f9aaa48e5bf431f011ddc5669b0d5,paid_search,bags_backpacks,online_medium,reseller,123,37.0,3248.8,4.578947368421052,33.0,3,4,4,11,champions,3,high_value
e504a4e2efaa45cbff7e268a2c58c956,organic_search,home_decor,industry,manufacturer,132,11.0,1188.8000000000002,3.6666666666666665,-126.0,2,4,3,9,loyal,2,mid_value
6b90f847357d8981edd79a1eb1bf0acb,organic_search,construction_tools_house_garden,online_medium,reseller,82,45.0,3322.08,4.375,-81.0,4,4,4,12,champions,3,high_value
5a4236931428800e9d9cc04af0987118,paid_search,household_utilities,online_medium,reseller,62,1.0,44.97,5.0,-81.0,4,1,1,6,promising,1,standard
2c2c9832d1bb38c5b0034a3b47d313ee,paid_search,health_beauty,industry,manufacturer,117,1.0,49.9,3.0,-174.0,3,1,1,5,at_risk,0,low_value
d63f306de130e0391d38a792541723b8,organic_search,car_accessories,online_medium,reseller,105,1.0,49.0,5.0,-81.0,3,1,1,5,at_risk,1,standard
596849622429351f47b32e6cae1055ff,unknown,phone_mobile,online_medium,reseller,114,14.0,1104.7,4.0,-81.0,3,4,3,10,champions,1,standard
9140ef75cc8211c4035935e80e567204,paid_search,pet,industry,manufacturer,63,1.0,49.9,5.0,-81.0,4,1,1,6,promising,1,standard
985c92cc412091f8529c12d7f23d3fef,referral,health_beauty,offline,reseller,112,12.0,1368.5,4.75,-81.0,3,4,4,11,champions,1,standard
c7bb64409aa480bb7d0335faaaf3d242,direct_traffic,car_accessories,online_big,reseller,119,4.0,97.6,2.25,-146.0,3,2,1,6,promising,0,low_value
1e26c56af8d48424e1df0140a2401f83,referral,construction_tools_house_garden,offline,reseller,163,2.0,258.9,5.0,-81.0,1,2,2,5,at_risk,2,mid_value
daf565f087a52def0fd5c5825b3661bc,organic_search,home_decor,online_big,reseller,133,9.0,813.9000000000001,3.625,-81.0,2,3,3,8,loyal,2,mid_value
9c7fd21e0aa159b20da593371f08ff7c,unknown,audio_video_electronics,online_medium,reseller,173,7.0,798.3,3.375,-81.0,1,3,3,7,promising,0,low_value
508808d438fe2ff972ed13bb8f4a82e2,social,home_decor,online_big,reseller,14,10.0,294.83,4.2727272727272725,-81.0,4,3,2,9,loyal,1,standard
41da412d33e8da4f22baf55cb1bde82c,paid_search,food_supplement,industry,manufacturer,239,15.0,862.9,4.714285714285714,-81.0,1,4,3,8,loyal,2,mid_value
cfe94489ddd337d1e29e12f2a7205d10,unknown,construction_tools_house_garden,online_medium,reseller,198,20.0,2376.0,4.125,-222.0,1,4,4,9,loyal,2,mid_value
c611f4ce9ce875bcc063fa97fd4d7d12,unknown,construction_tools_house_garden,online_medium,manufacturer,141,1.0,319.0,4.0,-81.0,2,1,2,5,at_risk,2,mid_value
189ca3538ce9f920cacf0f982cbe223b,paid_search,stationery,online_medium,manufacturer,100,4.0,419.0,3.8,-81.0,3,2,2,7,promising,1,standard
382229d1e840115ffe3dbf5ff460e417,organic_search,household_utilities,online_big,reseller,133,46.0,4096.96,4.26530612244898,-81.0,2,4,4,10,champions,3,high_value
5bc24d989e71e93c33e50a7782431b0e,paid_search,car_accessories,online_medium,manufacturer,140,17.0,3148.0,4.352941176470588,-81.0,2,4,4,10,champions,2,mid_value
5e063e85d44b0f5c3e6ec3131103a57e,organic_search,health_beauty,online_big,reseller,154,1.0,22.9,5.0,-150.0,2,1,1,4,at_risk,2,mid_value
698f5fa55a5f73d0740e9d9a773e8093,paid_search,health_beauty,offline,reseller,145,4.0,120.0,4.833333333333333,-81.0,2,2,1,5,at_risk,2,mid_value
e1dc0754bada9ee4cfe9713f22f61292,organic_search,toys,online_medium,reseller,158,12.0,885.0,3.8333333333333335,27.0,2,4,3,9,loyal,2,mid_value
e58a5b390e28abc0b216cfb0e07d27d7,organic_search,bags_backpacks,online_medium,reseller,200,7.0,1022.6,4.857142857142857,-286.0,1,3,3,7,promising,2,mid_value
aae5e7b457a3c72ee230a47d98fceda5,paid_search,bed_bath_table,industry,manufacturer,203,5.0,604.8,4.142857142857143,189.0,1,3,3,7,promising,2,mid_value
dfa0c4c6229ab200a4a1336b4d7128ff,paid_search,home_decor,online_medium,reseller,109,77.0,4777.1,4.011627906976744,-167.0,3,4,4,11,champions,3,high_value
53088c75f948b48a7ece173ac17f0c12,unknown,health_beauty,offline,reseller,91,3.0,261.70000000000005,5.0,-81.0,4,2,2,8,loyal,1,standard
05e107217c7266362fd44b75b2cd4cc4,organic_search,stationery,online_medium,reseller,84,5.0,193.38,4.125,-81.0,4,3,2,9,loyal,1,standard
4c1c7281388a33dd06daac44f9fadbd1,social,stationery,online_medium,reseller,152,5.0,188.32,4.8,-56.0,2,3,2,7,promising,2,mid_value
85ecf03781da592876b7844acc1b729f,organic_search,health_beauty,online_medium,reseller,99,2.0,251.0,4.5,-81.0,3,2,2,7,promising,1,standard
968268a686aa05d1f529fb07dff08130,referral,stationery,online_big,reseller,197,12.0,4677.29,3.5,-81.0,1,4,4,9,loyal,3,high_value
e250d617a0ad591ba9bd663e584a895d,organic_search,home_decor,online_beginner,manufacturer,205,8.0,904.12,2.8,-17.0,1,3,3,7,promising,0,low_value
7c51de0ab286204ce75ff42bf7c10d92,direct_traffic,food_supplement,online_medium,reseller,146,4.0,759.0,4.5,-141.0,2,2,3,7,promising,2,mid_value
6a53b90c3ad9e0b56d9fe5c69165fff5,organic_search,fashion_accessories,online_medium,manufacturer,91,2.0,139.78,3.5,-81.0,4,2,1,7,promising,1,standard
11742f81550ac064cc9a40f67151d9ad,paid_search,home_appliances,online_medium,reseller,68,2.0,781.9,5.0,-81.0,4,2,3,9,loyal,1,standard
e94b64dc6979b302a5a5be1662c83bb6,organic_search,home_decor,online_medium,reseller,96,2.0,306.89,5.0,-81.0,4,2,2,8,loyal,1,standard
1444c08e64d55fb3c25f0f09c07ffcf2,organic_search,car_accessories,online_beginner,reseller,183,1.0,2749.0,1.0,-81.0,1,1,4,6,promising,0,low_value
5f57db27027655e6c6a391601daa0258,paid_search,household_utilities,online_medium,reseller,181,1.0,98.0,5.0,-114.0,1,1,1,3,dormant,2,mid_value
eb9267cccc90f1b49c8d2f9887c7dd97,organic_search,sports_leisure,online_medium,reseller,110,1.0,319.9,5.0,-228.0,3,1,2,6,promising,2,mid_value
ce616e1913288884e7742faac9d981db,direct_traffic,construction_tools_house_garden,online_big,manufacturer,93,15.0,365.1,4.666666666666667,-81.0,4,4,2,10,champions,1,standard
88cf19ec1fc2c58f161aee259d57142c,organic_search,household_utilities,online_big,reseller,103,14.0,1372.97,4.466666666666667,-221.0,3,4,4,11,champions,2,mid_value
0b1ca3ef18a63d7eb0c8897fa0849c08,organic_search,health_beauty,industry,manufacturer,191,1.0,55.0,5.0,-81.0,1,1,1,3,dormant,2,mid_value
f3c38ab652836d21de61fb8314b69182,paid_search,computers,online_small,reseller,132,15.0,1581.0,4.266666666666667,-81.0,2,4,4,10,champions,2,mid_value
d598f929fc44e1e38678e7f47250ec04,organic_search,car_accessories,industry,reseller,109,1.0,69.9,5.0,-13.0,3,1,1,5,at_risk,1,standard
34f563c82a85b99ae9e6d60db5fc2e28,organic_search,audio_video_electronics,online_medium,reseller,125,8.0,2332.3,4.625,31.0,2,3,4,9,loyal,1,standard
a7a9b880c49781da66651ccf4ba9ac38,paid_search,bed_bath_table,offline,reseller,104,3.0,307.6,3.75,-81.0,3,2,2,7,promising,1,standard
28872dc528e978a639754bc8c2ce5a4c,paid_search,household_utilities,online_medium,manufacturer,91,1.0,1009.9,5.0,-148.0,4,1,3,8,loyal,1,standard
64c9a1db4e73e19aaafd3286dc448c96,organic_search,household_utilities,online_medium,reseller,1,1.0,439.0,5.0,183.0,4,1,2,7,promising,1,standard
271c58a1d139c45eaf3316107c6d3a3b,organic_search,bags_backpacks,online_beginner,reseller,118,29.0,3897.52,4.068965517241379,-81.0,3,4,4,11,champions,3,high_value
6548c2550b6e2d8f18053216e1c7b6f3,organic_search,household_utilities,online_medium,manufacturer,106,3.0,217.7,5.0,-81.0,3,2,2,7,promising,1,standard
41b14765bd56c8ad10971074380f9c0c,paid_search,computers,industry,reseller,174,8.0,395.5,4.1,-107.0,1,3,2,6,promising,2,mid_value
6eeed17989b0ae47c9f11ece6f38ea90,unknown,car_accessories,online_medium,reseller,100,3.0,557.0,3.6666666666666665,-81.0,3,2,3,8,loyal,1,standard
99cd94252748d2bdde08e17858233602,social,pet,online_medium,reseller,91,2.0,159.8,4.5,-28.0,4,2,1,7,promising,1,standard
6f83d9e4da896daae20b9b6b2d3ff8d2,organic_search,household_utilities,industry,reseller,147,11.0,765.19,4.363636363636363,-81.0,2,4,3,9,loyal,2,mid_value
dc50afafdfa325eadc890c7fa42a8f4e,unknown,audio_video_electronics,online_big,reseller,99,4.0,424.2,4.75,-81.0,3,2,2,7,promising,1,standard
af3ef48d0e13835e529c29ac573c63e5,unknown,pet,online_top,manufacturer,90,21.0,1405.63,3.761904761904762,-119.0,4,4,4,12,champions,1,standard
535bf14f36346c7f59d87cece104d70c,paid_search,home_decor,online_medium,manufacturer,1,1.0,50.0,4.0,-81.0,4,1,1,6,promising,1,standard
5dc203c7b84a0e71e878a179de05fb9a,organic_search,construction_tools_house_garden,industry,reseller,154,5.0,421.9,4.0,32.0,2,3,2,7,promising,1,standard
88cd3681e0a2ba85e190f7d817629c4c,paid_search,car_accessories,online_big,reseller,29,1.0,180.0,4.0,-81.0,4,1,2,7,promising,1,standard
b586cd24c010a13916af621b0325fbba,organic_search,home_decor,online_beginner,reseller,75,6.0,1108.94,3.857142857142857,-81.0,4,3,3,10,champions,1,standard
d566c37fa119d5e66c4e9052e83ee4ea,organic_search,sports_leisure,online_big,reseller,161,65.0,5145.7,4.71830985915493,-81.0,2,4,4,10,champions,3,high_value
e116c7455dd26a4d8c3e92532583905f,unknown,health_beauty,online_big,reseller,198,1.0,36.76,4.0,-313.0,1,1,1,3,dormant,2,mid_value
bf00385a5f7fc1ef39a13c2e9ee50a5f,social,audio_video_electronics,online_big,reseller,48,29.0,870.3,4.310344827586207,-11.0,4,4,3,11,champions,1,standard
623ad9d0c1e14bb5464a8c72bff7b4af,paid_search,household_utilities,online_big,manufacturer,161,1.0,95.0,4.0,-81.0,2,1,1,4,at_risk,2,mid_value
fadb07c842a2aef5d5a676b85f220e71,unknown,sports_leisure,online_medium,reseller,119,7.0,398.75,4.714285714285714,-55.0,3,3,2,8,loyal,1,standard
a64e44665225d19dfc0277eeeaaccc57,unknown,food_supplement,online_medium,manufacturer,85,6.0,335.0,5.0,98.0,4,3,2,9,loyal,1,standard
6b3bd31ad8fcda4b2635ec9f3ff2ecdf,paid_search,food_supplement,online_small,reseller,147,36.0,4198.9,3.86046511627907,-81.0,2,4,4,10,champions,3,high_value
213fafb0ca06fb3d5886579c2565791b,unknown,audio_video_electronics,online_big,reseller,82,3.0,189.7,2.333333333333333,-80.0,4,2,2,8,loyal,0,low_value
e0a3c37054ade6478d923a6efc10f308,paid_search,baby,online_beginner,manufacturer,74,2.0,219.8,5.0,-191.0,4,2,2,8,loyal,1,standard
8fb67a334bacec338885b4e9e1708073,paid_search,home_decor,online_medium,manufacturer,103,1.0,59.9,5.0,-81.0,3,1,1,5,at_risk,1,standard
4a23adac87cf538689fa600d976f78b2,paid_search,health_beauty,industry,manufacturer,19,3.0,405.0,4.333333333333333,17.0,4,2,2,8,loyal,1,standard
76ea5315acb3f5f7ade3cd261faf922a,paid_search,car_accessories,online_big,reseller,105,15.0,1087.06,4.266666666666667,-81.0,3,4,3,10,champions,1,standard
f88adb15807168d3c43d71021090ce4a,paid_search,gifts,online_medium,reseller,137,3.0,488.8,3.333333333333333,-193.0,2,2,2,6,promising,0,low_value
54c04bdb5ec46762f8f08c7e8f86ed4a,organic_search,food_supplement,online_medium,reseller,194,18.0,3281.66,4.315789473684211,-81.0,1,4,4,9,loyal,2,mid_value
8476243f92442881ddd5b578975cf115,unknown,audio_video_electronics,online_big,reseller,212,12.0,7838.0,4.083333333333333,-83.0,1,4,4,9,loyal,3,high_value
09bad886111255c5b5030314fc7f1a4a,unknown,handcrafted,offline,reseller,103,5.0,487.5,5.0,114.0,3,3,2,8,loyal,1,standard
01266d4c46afa519678d16a8b683d325,unknown,construction_tools_house_garden,online_small,reseller,81,3.0,90.25,5.0,-48.0,4,2,1,7,promising,1,standard
9cf787a239c1aa29dbd76f153dc13f9a,unknown,fashion_accessories,online_medium,reseller,196,4.0,316.0,4.75,-250.0,1,3,2,6,promising,2,mid_value
1a932caad4f9d804097d7f8e615baed1,unknown,construction_tools_house_garden,industry,reseller,169,20.0,4661.0,3.566666666666667,-81.0,1,4,4,9,loyal,3,high_value
0cab2da43793a6f3c5ed8514c5f54627,unknown,bags_backpacks,offline,reseller,125,3.0,309.70000000000005,5.0,-242.0,2,2,2,6,promising,2,mid_value
7210cd29727d674c00741e5e387b3ccd,social,car_accessories,online_medium,reseller,112,9.0,729.0899999999999,3.692307692307693,72.0,3,3,3,9,loyal,1,standard
05a48cc8859962767935ab9087417fbb,unknown,fashion_accessories,online_beginner,reseller,70,1.0,42.9,5.0,-81.0,4,1,1,6,promising,1,standard
9d681c7e12db302cb261e721040dde65,organic_search,sports_leisure,online_small,reseller,96,13.0,785.6,4.928571428571429,29.0,4,4,3,11,champions,1,standard
4eeb99008a0f59d2c7759c59f9a346eb,paid_search,audio_video_electronics,online_medium,reseller,123,2.0,1282.0,4.5,2.0,3,2,3,8,loyal,1,standard
c013e57c075a06e5b5c48ee03c525719,social,pet,online_medium,reseller,188,42.0,1971.55,4.155555555555556,-303.0,1,4,4,9,loyal,2,mid_value
b9ec22de23f18567de0e09d776ca0309,unknown,stationery,online_medium,reseller,123,2.0,341.98,5.0,-28.0,3,2,2,7,promising,1,standard
f46490624488d3ff7ce78613913a7711,other,health_beauty,online_big,reseller,83,83.0,5802.85,3.4615384615384617,42.0,4,4,4,12,champions,3,high_value
7c9130f5f3729edd32aa059141d92484,organic_search,computers,unknown,reseller,92,3.0,126.0,3.75,-81.0,4,2,1,7,promising,1,standard
33dd941c27854f7625b968cc6195a552,email,household_utilities,online_medium,reseller,132,5.0,6787.5,4.4,-81.0,2,3,4,9,loyal,3,high_value
c70a353f02429c00775a46a75fb787da,social,health_beauty,online_medium,reseller,110,6.0,242.0,4.666666666666667,-106.0,3,3,2,8,loyal,1,standard
4fe2f67634d00c021aa01f96b6f2d68e,organic_search,food_supplement,online_small,reseller,61,2.0,86.8,5.0,97.0,4,2,1,7,promising,1,standard
612170e34b97004b3ba37eae81836b4c,organic_search,home_appliances,online_big,reseller,63,107.0,23065.02,4.427272727272728,93.0,4,4,4,12,champions,99,elite
7d13fca15225358621be4086e1eb0964,unknown,watches,online_big,reseller,180,565.0,113628.97,4.001742160278746,-81.0,1,4,4,9,loyal,99,elite
70c27847eca8195c983ed7e798c56743,social,pet,online_small,reseller,180,77.0,12077.52,4.204081632653061,-81.0,1,4,4,9,loyal,99,elite
6061155addc1e54b4cfb51c1c2a32ad8,organic_search,pet,online_small,reseller,102,28.0,15633.4,4.714285714285714,-7.0,3,4,4,11,champions,99,elite
db2956745b3a8e9f3785c99f34b5d25e,unknown,audio_video_electronics,online_medium,manufacturer,138,47.0,8599.0,3.7291666666666665,-81.0,2,4,4,10,champions,99,elite
c70c1b0d8ca86052f45a432a38b73958,paid_search,health_beauty,online_medium,reseller,147,261.0,36537.37,4.3014925373134325,-81.0,2,4,4,10,champions,99,elite
ba90964cff9b9e0e6f32b23b82465f7b,organic_search,small_appliances,unknown,reseller,180,38.0,44212.5,4.421052631578948,-81.0,1,4,4,9,loyal,99,elite
c510bc1718f0f2961eaa42a23330681a,unknown,baby,online_big,reseller,119,13.0,12251.0,4.0,-147.0,3,4,4,11,champions,99,elite
